Application,Month,Year,Rating (1-4),Notes,MicroG Rating (1-4),MicroG Notes
1&1 Control-Center,October,2020,3,No notifications,X,X
2dehands,September,2020,3,"Google Play Services warning, map not working",X,X
3DMark,September,2020,4,No reported issues,4,No reported issues
432 Player,September,2020,X,X,4,No reported issues
4411,September,2020,2,"Google Play Services warning, several broken functions",X,X
6ix9ine Runner,September,2020,1,Unusable,X,X
ABC Listen,July,2020,4,No reported issues,4,No reported issues
AccuBattery,December,2020,4,No reported issues,4,No reported issues
Acrylic Nails!,November,2020,X,X,4,No reported issues
Actual Budget,August,2020,4,No reported issues,X,X
ADAC Autodatenbank,August,2020,X,X,4,No reported issues
ADT Smart Services,June,2020,3,No notifications and Google Play Services Warning (But no effect),X,X
Advanced Download Manager,September,2020,3,No in-app purchases,3,No in-app purchases
Afterpay,November,2020,X,X,4,No reported issues
Aggregator,December,2020,4,No reported issues,X,X
Air NZ,June,2020,3,Requires disabling notification class,X,X
Airbnb,November,2020,2,"Can't login, no mapview",X,X
AirMessage,November,2020,4,No reported issues,X,X
Airport Control,November,2020,X,X,4,No reported issues
Airtel Thanks,November,2020,4,No reported issues,4,No reported issues
Akinator,September,2020,3,"Google Play Services Warning, but no effect",4,No reported issues
AL-Chan,December,2020,3,Notifications don't work,4,No reported issues
ALDI TALK,December,2020,X,X,4,No reported issues
Alipay,November,2020,2,No reponse when pressing pay button,X,X
Alto's Adventure,May,2020,4,No reported issues,4,No reported issues
Amazon Kindle,June,2020,4,No reported issues,4,No reported issues
Amazon Shopping,December,2020,3,No notifications,4,No reported issues
Among Us,November,2020,4,No reported issues,4,No reported issues
Ampler,September,2020,4,No reported issues,X,X
Angry Birds AR: Isle of Pigs,November,2020,X,X,4,No reported issues
Angry Birds 2,November,2020,X,X,4,No reported issues
AniTrend,December,2020,X,X,4,No reported issues
Ankidroid,May,2020,4,No reported issues,4,No reported issues
AnonAddy,November,2020,4,No reported issues,X,X
Anydesk,August,2020,4,No reported issues,X,X
APKMirror,November,2020,4,No reported issues,X,X
Apple Music,July,2020,4,No reported issues,4,No reported issues
ARD Audiothek,December, 2020,3,No push notifications (warns about it),X,X
Argenta,September,2020,3,Payconiq by Bancontact not working,X,X
ASN Bankieren,September,2020,X,X,4,No reported issues
aTimeLogger,May,2020,4,No reported issues,4,No reported issues
Audible,June,2020,4,No reported issues,4,No reported issues
AusPost,November,2020,3,No notifications,4,No reported issues
Authy,October,2020,3,"Google Play Services Warning, No notifications",4,No reported issues
AutomaTag,September,2020,3,No in-app purchases,3,No in-app purchases
AutoTagger,September,2020,3,No in-app purchases,3,No in-app purchases
Ballz,September,2020,3,"Google Play Services Warning, but no effect",4,No reported issues
Bandcamp,September,2020,3,No notifications,4,No reported issues
Bank of America,October,2020,X,X,4,No reported issues
Barclays,August,2020,X,X,1,Won't start with unlocked bootloader
Battle of Polytopia,November,2020,X,X,1,Unknown Source error: Uninstall Polytopia and get the official version from the Google Play Store
BBC News,November,2020,4,No reported issues,4,No reported issues
Beats,November,2020,4,No reported issues,X,X
Beem It,November,2020,3,"Google Play Services warning, no notifications",4,No reported issues
Best Buy,November,2020,4,No reported issues,4,No reported issues
BirdNET,November,2020,4,No reported issues,4,No reported issues
Bitmoji,September,2020,4,No reported issues,3,Can't load from keyboard
Bitpanda,August,2020,1,Requires SafetyNet API,X,X
Bitwarden,November,2020,4,No reported issues,4,No reported issues
BlackPlayer,September,2020,4,No reported issues,X,X
Blockfolio,December,2020,3,"Google Play Services Warning, but no effect",4,No reported issues
BlueDriver,September,2020,4,No reported issues,X,X
BOM Weather,May ,2020,4,No reported issues,4,No reported issues
Brave,May ,2020,3,No notifications,4,No reported issues
Brooks Brothers,November,2020,X,X,1,Won't open beyond logo
BTS WORLD,May ,2020,3,No notifications or in-app purchases,X,X
Button Mapper by flar2,September,2020,4,No reported issues,X,X
Bumble,November,2020,X,X,4,No reported issues
Cabify,September,2020,1,Unusable,4,No reported issues
Caf,August,2020,X,X,4,No reported issues
Cake Wallet,September,2020,4,No reported issues,X,X
Canvas Student,November,2020,4,No reported issues,4,No reported issues
Calculator++,May,2020,4,No reported issues,4,No reported issues
Call a Bike,October,2020,X,X,4,No reported issues
Calm,June,2020,4,No reported issues,4,No reported issues
Cambio Carsharing,August,2020,4,No reported issues,X,X
Camera Adversaria,September,2020,4,No reported issues,X,X
CamScanner,May,2020,4,No reported issues,4,No reported issues
Capital One,November,2020,X,X,4,No reported issues
Car Scanner,June,2020,3,Can't Buy Pro Version,X,X
Chargepoint,October,2020,X,X,4,No reported issues
Chase,November,2020,X,X,1,Doesn't allow login
Cisco JABBER,September,2020,X,X,4,No reported issues
Cisco WEBEX,September,2020,X,X,4,No reported issues
Citymapper,August,2020,X,X,3,Map preview sometimes buggy
Clash of Clans,June,2020,3,"Some missing notifications, no in-app purchases",4,No reported issues
Clash Royale,November,2020,X,X,3,Progress can be synced through developer's Supercell ID instead of Google Play. Cannot make in-game purchases
Clockify,May ,2020,4,No reported issues,4,No reported issues
CNN,November,2020,4,No reported issues,4,No reported issues
Coinbase,June,2020,4,No reported issues,4,No reported issues
Colombia Radios,November,2020,X,X,4,No reported issues
ColorNote,May,2020,4,No reported issues,4,No reported issues
Comdirect (Kontoansicht),August,2020,3,Everything fine except transaction notification (FCM),X,X
Comdirect photoTAN,August,2020,4,No reported issues,X,X
Commbank,November,2020,X,X,3,Tap/NFC Payments don't work
Consorsbank SecurePlus,August,2020,4,No reported issues,X,X
Cookie 1,November,2020,X,X,4,No reported issues
Cookie 2,November,2020,X,X,4,No reported issues
Creative Cloud,September,2020,X,X,4,No reported issues
Crossy Road,December,2020,4,No reported issues,4,No reported issues
Cronometer,November,2020,4,No reported issues,X,X
Crunchyroll,November,2020,X,X,4,No reported issues
CSFD.cz,September,2020,X,X,4,No reported issues
Curiosity Stream,August,2020,4,Popup says GPS is required but everything works,X,X
DAB SecurePlus,August,2020,X,X,4,No reported issues
Daylio,October,2020,2,Cannot subscribe to premium with play services,X,X
DB Navigator,October,2020,2,Google Play Services warning & maps do not show,3,No delay notifications (With cloud messaging off)
De Lijn,September,2020,2,"Google Play Services warning, map not working",X,X
Deepfryer,August,2020,4,No reported issues - Works except the antifeatures ;>,X,X
Deezer,May ,2020,3,"Cannot sign up from the application, but can login from the application",X,X
DHL Paket,August,2020,3,"Google Play Service warning, but no effect",4,No reported issues
DiDi China,November,2020,4,No reported issues,X,X
Digiposte,August,2020,X,X,4, No reported issues
Discord,May ,2020,3,No notifications,3,No notifications
Discover,November,2020,3,No notifications,X,X
Disney+,May ,2020,3,"Cannot sign up from the application, but can login from the application",X,X
DKB-Banking,December,2020,X,X,4,No reported issues
Dlf Audiothek,December,2020,3,"Googel Play service warning, but no effect",X,X
Dlf Die Nachrichten,December,2020,3,No push notifications,X,X
Doccle,September,2020,1,"Not working without Google Play Services, stuck on boot logo",X,X
DoorDash,November,2020,X,X,1,App always gets stuck on the Place Order screen
Dropbox,May ,2020,4,No reported issues,4,No reported issues
DUAL,August,2020,X,X,3,No in-app purchases
Duo Mobile,November,2020,3,Error message - Duo Push and Duo Restore don't work,3,Error message no issues
Duolingo,May,2020,4,No reported issues,4,No reported issues
Droidcam,November,2020,4,No reported issues,4,No reported issues
EasyBudget,October,2020,X,X,4,No reported issues
EasyJet,August,2020,X,X,4,No reported issues
eBay Kleinanzeigen,March,2020,3,No notifications,4,No reported issues
Edge,November,2020,4,No reported issues,4,No reported issues
Electron Cash,August,2020,4,No reported issues,X,X
English - Russian dictionary,July,2020,3,No text to speech,X,X
EteSync,November,2020,4,No reported issues,4,No reported issues
Excel,November,2020,X,X,4,No reported issues
Expo,August,2020,4,No reported issues,X,X
Exodus: Crypto Wallet,November,2020,X,X,4,No reported issues
ExpressVPN,October,2020,X,X,4,No reported issues
Facebook,September,2020,4,No reported issues,4,No reported issues
Facebook Lite,September,2020,4,No reported issues,4,No reported issues
Facebook Messenger,October,2020,3,No notifications unless the app is running in the background,4,No reported issues
FastMail,November,2020,X,X,4,No reported issues
Fast Scanner,July,2020,4,No reported issues,4,No reported issues
Fasthub,June,2020,4,No reported issues,4,No reported issues
Fetch Rewards,November,2020,X,X,4,No reported issues
Final Surge,October,2020,X,X,4,No reported issues
Fire Emblem Heroes,August,2020,1,Unusable due to Google SafetyNet errors,3,No in-app purchases but no other issues with Google SafetyNet disabled in MicroG
Firefox,May ,2020,4,No reported issues,4,No reported issues
Firefox Focus,May ,2020,3,Possible bug that disallows performing a search. Fixed by erasing browser history,4,No reported issues
Fitnotes,August,2020,X,X,4,No reported issues
Flipboard,November,2020,X,X,4,No reported issues
FlixBus,August,2020,X,X,4,No reported issues
Fossil Hybrid App,July,2020,4,No reported issues,4,No reported issues
Fox News,November,2020,4,No reported issues,4,No reported issues
Freedom,May,2020,1,Unusable,X,X
FX File Explorer,September,2020,4,No reported issues,4,No reported issues
Garmin Connect,May,2020,3,Maps do not show within the application,X,X
Geekbench 5,September,2020,4,No reported issues,4,No reported issues
Genius Lyrics,July,2020,4,No reported issues,4,No reported issues
Geometry Dash,August,2020,4,No reported issues,X,X
Ginventory,December,2020,4,No reported issues,X,X
Github,July,2020,4,No reported issues,4,No reported issues
GLS mBank,October,2020,X,X,4,No reported issues
Gmail,October,2020,1,Unusable,1,Unusable
Goodreads,May ,2020,4,No reported issues,4,No reported issues
Google,November,2020,1,"Unusable, App won't open",3,"Google Play Services Warning, some functions missing"
Google Calendar,November,2020,1,"Unusable, unless signed in, which is impossible without Google Play Services",X,X
Google Camera,June,2020,3,"Working, but need spoofed API & Image preview won't work without Google Photos installed",4,No reported issues
Google Cardboard,June,2020,3,Purchases will not work,X,X
Google Chat,October,2020,1,Unusable,1,Unusable
Google Classroom,August,2020,X,X,2,Cannot login into Google account
Google Contacts,November,2020,3,Can't sync Google account data,X,X
Google Earth,December,2020,4,No reported issues,4,No reported issues
Google Fi,November,2020,1,Unusable,X,X
Google Gallery Go,December,2020,X,X,4,No reported issues
Google Hangouts,August,2020,X,X,4,No reported issues
Google Home,November,2020,1,"Unusable, unless signed in, which is impossible without Google Play Services",X,X
Google Keep Notes,June,2020,1,Unusable,X,X
Google Keyboard (Gboard),November,2020,4,No reported issues,4,No reported issues
Google Lens,November,2020,1,"Won't operate without Google app, which doesn't open without Google Play Services",4,No reported issues
Google Maps,November,2020,2,Cannot add Google account,2,"Cannot open if logged in, works if not logged in"
Google Messages,November,2020,4,No reported issues,X,X
Google News,November,2020,1,"Unusable, app won't open",4,No reported issues
Google Pay,November,2020,1,"Unusable",X,X
Google Play Services for AR,November,2020,X,X,4,No reported issues
Google PDF Viewer,November,2020,4,No reported issues,4,No reported issues
Google Phone,November,2020,4,No reported issues,X,X
Google Photos,September,2020,3,"Google Play Services Warning, but no effect",X,X
Google Street View,November,2020,X,X,3,Crashes when opening some tabs
Google Translate,November,2020,4,No reported issues,4,No reported issues
Google TV (previously Play Movies & TV),November,2020,1,Unusable without Google Play Services,X,X
Google Wallpaper,November,2020,4,No reported issues,4,No reported issues
GoPro,June,2020,3,"Google Play Services Warning, but no effect",X,X
Granblue Fantasy (グランブルーファンタジー),November,2020,3,Won't open payment portal,X,X
Grandstream Wave Lite,November,2020,4,No reported issues,X,X
Graphing Calc (GeoGebra),August,2020,4,No reported issues,X,X
Greenify,October,2020,X,X,4,No reported issues
Groupme,June,2020,3,No Notifications,X,X
Halifax,August,2020,X,X,4,No reported issues
HandyTicket Deutschland,April,2020,3,No notifications,X,X
Hargreaves Lansdown,October,2020,X,X,4,No reported issues
Headspace: meditation & sleep,July,2020,2,No premium or free trial,X,X
Hello Weather,November,2020,X,X,3,Cannot upgrade to Pro version that has more features
Helm Email,August,2020,4,No reported issues,X,X
HERE WeGo City Navigation,October,2020,4,Requires network permission access,4,No reported issues
Home [Hue lights...],June,2020,4,No reported issues,4,No reported issues
Home Depot,November,2020,X,X,4,No reported issues
Honey,November,2020,X,X,4,No reported issues
HVV - Navigation & Fahrkarten für Hamburg,December,2020,3,No maps,4,No reported issues
IDS JMK Poseidon,November,2020,4,Getting location slow,X,X
iFunny,September,2020,3,"Google Play Services Warning, but no effect",X,X
Imgur,November,2020,2,Sign-in not working,4,No reported issues
Immuni,December,2020,1,"Google Play Services isn't ready error",X,X
Informed Delivery,September,2020,X,X,4,No reported issues
ING Banking,May ,2020,4,No reported issues,4,No reported issues
Inshorts,December,2020,2,Sign-in does not work,3,Signing in using some 3rd party accounts (Google & Twitter) does not work
"Insight timer: meditation, sleep, music",July,2020,1,The google play services installed on this device is not authentic error,X,X
Instagram,June,2020,4,No reported issues,4,No reported issues
iSaveMoney,October,2020,X,X,4,No reported issues
Itsme,September,2020,1,Unable to finish identification,X,X
Jango Radio,July,2020,1,Unusable,4,No reported issues
Japanese,July,2020,4,No reported issues,4,No reported issues
Japanese Dictionary Takoboto,September,2020,4,No reported issues,X,X
Jetpack Joyride,November,2020,X,X,4,No reported issues
Jitsi Meet,November,2020,4,No reported issues,4,No reported issues
Join & Clash,November,2020,X,X,4,No reported issues
Jumbo,November,2020,X,X,4,No reported issues
Kaloricke Tabulky,September,2020,X,X,4,No reported issues
Kasa,June,2020,1,Unusable,X,X
Keepass2Android,August,2020,4,No reported issues,4,No reported issues
KFC - Order On The Go,September,2020,1,Won't find stores due to lack of map support,X,X
Khan Academy,October,2020,4,No reported issues,4,No reported issues
Komoot,March,2020,4,No reported issues,4,No reported issues
Kraken Pro,December,2020,4,No reported issues,X,X
Lastpass,June,2020,1,Unusable,X,X
Lawnchair 2,December,2020,4,No reported issues,4,No reported issues
Let's Meditate: Sleep & Guided meditation,July,2020,1,Unusable,X,X
Letterboxd,May ,2020,4,No reported issues,4,No reported issues
Lichness ,June,2020,4,No reported issues,4,No reported issues
Lieferando,August,2020,X,X,4,No reported issues
Lime,August,2020,X,X,4,No reported issues
LinkedIn,December,2020,3,No notifications,4,No reported issues
Listen Audiobook Player,May,2020,4,No reported issues,4,No reported issues
LOCUS Free,September,2020,X,X,4,No reported issues
Loop Habit Tracker,May,2020,4,No reported issues,4,No reported issues
Lowe’s,November,2020,X,X,4,No reported issues
Lyft,June,2020,1,Unusable,X,X
Magic Earth,November,2020,4,No reported issues,X,X
Magic Home,August,2020,X,X,4,No reported issues
Mario Kart,November,2020,X,X,1,Game won’t load. Support code 806-6503
Marriott Bonvoy,November,2020,4,No reported issues,x,x
MAPS.ME,November,2020,4,No reported issues,X,X
Mapy.cz,November,2020,4,No reported issues,X,X
mBank SK,September,2020,X,X,4,No reported issues
MeBank,July,2020,1,Crashes on login,1,Crashes on login
MEGA,May,2020,4,No reported issues,4,No reported issues
Mehr-tanken,August,2020,X,X,4,No reported issues
Mein ELBA-App,August,2020,1,Unusable,X,X
Mein Vodafone,August,2020,1,No reported issues,4,No reported issues
Memedroid Pro,August,2020,X,X,4,No reported issues
Menulog,November,2020,X,X,1,Doesn't open stores or place orders
Mercado Libre,October,2020,1,Unusable,1,Unusable
Merriam-Webster,November,2020,4,No reported issues,x,x
Microsoft News,November,2020,2,Several freezes and crashes,4,No reported issues
Microsoft Outlook,June,2020,4,No reported issues,4,No reported issues
Microsoft Teams,August,2020,4,No reported issues,4,No reported issues
Microsoft Word,August,2020,4,No reported issues,X,X
Migrate - custom ROM migration tool [4.0 GPE],November,2020,4,No reported issues,X,X
Mi Movistar Argentina,October,2020,3,"Google Play Services Warning,but no effect",4,No reported issues
MiXplorer,October,2020,4,No reported issues,4,No reported issues
Mobile Iron / Mobile@Work,September,2020,X,X,1,Unusable
Modo,May,2020,X,X,2,Reliability performance and location issues
Monerujo,September,2020,4,No reported issues,X,X
Monzo,September,2020,3,No notifications,4,No reported issues
Moon+ Reader Pro,May,2020,4,No reported issues,4,No reported issues
MusicBee WiFi Sync,October,2020,4,No reported issues,X,X
MVG Fahrinfo,March,2020,3,Maps do not show within the application,X,X
MX Player,May,2020,4,No reported issues,4,No reported issues
MyColruyt,September,2020,1,"Login not working, bot alert",X,X
MyEdenred,September,2020,4,No reported issues,X,X
MyFitnessPal,April,2020,3,No bar code reading,X,X
Mynexuzhealth,September,2020,1,Not working without Google Play Services,X,X
My Boy,November,2020,4,No reported issues,X,X
My Optus,July,2020,4,No reported issues,4,No reported issues
My Spectrum,November,2020,X,X,4,No reported issues
My Vodafone Italia,December,2020,3,No notifications,X,X
MySudo,October,2020,1,Unusable,1,Unusable
myStop Mobile,November,2020,3,No map,4,No reported issues
N26,August,2020,X,X,2,Impossible to confirm money transfer (Slideout popup doesn't show up)
NAB Mobile Banking,May ,2020,4,No reported issues,4,No reported issues
Naruto Blazing,November,2020,X,X,4,No reported issues
Naruto X Boruto Ninja Tribes,November,2020,X,X,4,No reported issues
Naruto X Boruto Ninja Voltage,November,2020,X,X,4,No reported issues
Nationwide (UK Bank),September,2020,4,No reported issues,X,X
Natwest (UK Bank),December,2020,1,Hangs on login after emailing natwest it's intentional,4,No reported issues
NBC News,November,2020,X,X,4,No reported issues
Nebula,November,2020,1,Crashes after login,X,X
Nerd Wallet,November,2020,X,X,4,No reported issues
netcup SCP,December,2020,X,X,4,No reported issues
Netflix,December,2020,4,No reported issues,4,No reported issues
Newegg,November,2020,X,X,4,No reported issues
News Break,November,2020,X,X,4,No reported issues
Nextbike,August,2020,2,No notifications & map not displayed (Google Maps),X,X
Nextory,September,2020,4,No reported issues,X,X
NHS Covid-19,December,2020,X,X,4,No reported Issues
NINA,September,2020,X,X,1,Throws error message device could not be registered then terminates
NordVPN,December,2020,4,No reported issues,4,No reported issues
Notion,July,2020,4,No reported issues,4,No reported issues
Nova Launcher,May ,2020,4,No reported issues,4,No reported issues
NZ COVID Tracer,June,2020,4,No reported issues,4,No reported issues
OBB Scotty,August,2020,X,X,4,No reported issues
Oculus,September,2020,4,No reported issues,X,X
OfficeSuite Pro,September,2020,X,X,4,"Manually installed, unupgradeable"
OKCupid,August,2020,1,Can't even login,X,X
Olimpica Stereo,November,2020,X,X,4,No reported issues
Omega Digi Bible,November,2020,3,Will not work in second phone user account,3,Will not work in second phone user account
OneDrive,November,2020,4,No reported issues,1,Crashes on startup
Onenote,May,2020,4,No reported issues,4,No reported issues
Opera,September,2020,4,No reported issues,4,No reported issues
Opera beta,September,2020,4,No reported issues,4,No reported issues
Opera Mini,May,2020,4,No reported issues,4,No reported issues
Opera Mini beta,September,2020,4,No reported issues,4,No reported issues
Opera Touch,September,2020,3,"Google Play Services Warning, but no effect",4,No reported issues
OTG View,June,2020,4,No reported issues,4,No reported issues
Outlook,September,2020,4,No reported issues,X,X
PAKO,June,2020,3,"Google Play Services Warning, but no effect",X,X
PAKO 2,January,2020,3,"Google Play Services Warning, but no effect",X,X
Pandora,September,2020,4,No reported issues,X,X
Park4night,October,2020,1,Google Play Services Warning and crash when searching for a location,X,X
Parking Jam 3D,November,2020,X,X,4,No reported issues
ParkMate,March,2020,4,No reported issues,4,No reported issues
Patreon,April ,2020,2,No notifications & unable to apply text to within lens. Some performance issues,2,Unable to apply text to within lens. Some performance issues
Payconiq by Bancontact,September,2020,1,Not working without Google Play Services,X,X
PayMyPark,March,2020,4,No reported issues,4,No reported issues
PayPal,May,2020,4,No reported issues,4,No reported issues
pCloud,December,2020,4,No reported issues,4,No reported issues
Personal Capital,October,2020,X,X,4,No reported issues
PESU,October,2020,X,X,4,No reported issues
PhysiApp,July,2020,1,Unusable as it won't load past the second setup screen,X,X
PIA VPN,June,2020,4,No reported issues,4,No reported issues
Pinterest,November,2020,3,"Google Play Services Warning, but no effect",1,Doesn’t load
Pleco,November,2020,4,No reported issues,4,No reported issues
Pocket,August,2020,4,No reported issues,X,X
Pocket Casts,November,2020,3,No notifications,4,No reported issues
PocketGuard,October,2020,X,X,4,No reported issues
Pocket Tanks,June,2020,4,No reported issues,4,No reported issues
Podbean,November,2020,X,X,4,No reported issues
Podcast Addict,August,2020,X,X,4,No reported issues
Popcorn Time,June,2020,3,"Buggy, Crashes Occasionally",X,X
Postepay,December,2020,3,No notifications can still authorize payments by searching the request in the notifications section inside the app,X,X
Poweramp,August,2020,4,No reported issues,X,X
Prank Master 3D,September,2020,1,Unusable,X,X
Prime Video,June,2020,4,No reported issues,4,No reported issues
Privacy.com,November,2020,3,No notifications,X,X
ProtonMail,October,2020,3,No notifications,4,No reported issues
Psych! Outwit Your Friends,July,2020,1,Does not load,X,X
Publix,November,2020,X,X,4,No reported issues
Pubtran,November,2020,3,Everything except for getting location,X,X
Pumpdroid,November,2020,3,Everything except for getting location,X,X
PureGym,August,2020,X,X,4,No reported issues
Qantas,March,2020,4,No reported issues,4,No reported issues
Qobuz,November,2020,4,No reported issues,X,X
Radio Uno Oficial,November,2020,X,X,4,No reported issues
Railcard,October,2020,X,X,4,No reported issues
Real Racing 3,November,2020,4,No reported issues,4,No reported issues
realtor.com,November,2020,X,X,3,Map won’t load
Recycle!,September,2020,3,"Google Play Services Warning, but no effect",X,X
Reddit,September,2020,3,No notifications,3,No notifications
Renpho,November,2020,X,X,4,No reported issues
Revolut,December,2020,3,No notifications,3,If you have issues loading or just updated force stop then launch
rif is fun,November,2020,4,No reported issues,4,No reported issues
Ring,June,2020,3,"Google Play Services Warning, but no effect",X,X
Rippl,June,2020,4,No reported issues,4,No reported issues
Robinhood,June,2020,3,"Google Play Services Warning, but no effect",X,X
Roblox,November,2020,1,When you log in it requires you to have Google Play Services and app crashes,4,No reported issues
Roon Remote,November,2020,1,Unusable,X,X
Schwab Mobile,November,2020,X,X,3,Biometrics login doesn't work well: re-authentication with User ID and Password on every restart of app is needed.
Secure PDF Viewer,May,2020,4,No reported issues,4,No reported issues
SecureW2 JoinNow,October,2020,3,"Google Play Services warning, but no effect",X,X
SEEK,July,2020,4,No reported issues,4,No reported issues
Sentinel Free Decentralized VPN,September,2020,4,No reported issues,4,No reported issues
Serenity: Guided Meditation & Mindfulness,July,2020,2,Premium and free trial aren't available,X,X
Service NSW,September,2020,1,Receive generic error when trying to log in,X,X
Sharedr,November,2020,3,For some intents sharing does not work correctly,X,X
Shazam,December,2020,4,No reported issues,4,No reported issues
Shortcut Run,November,2020,X,X,4,No reported issues
Signal,September,2020,3,Unable to use location services,4,No reported issues
Simple ToDo,December,2020,4,No reported issues,4,No reported issues
"Simple habit: meditation, sleep",July,2020,2,No premium or free trial,X,X
Simplisafe ,June,2020,3,"Google Play Services Warning, but no effect",X,X
SKED,June,2020,3,"Google Play Services Warning, but no effect",X,X
SketchBook,September,2020,4,No reported issues,X,X
Skype,November,2020,X,X,4,No reported issues
Slack,May,2020,3,No notifications,X,X
SmartNews,November,2020,4,No reported issues,4,No reported issues
Snapchat,January,2020,1,Unusable,4,No Reported Issues
Snapseed,June,2020,4,No reported issues,4,No reported issues
SNCB/NMBS,September,2020,3,"Google Play Services Warning, map not working",X,X
SoFi,September,2020,1,"SoFi won't work unless you enable Google Play services",4,No reported issues
SolarEdge,June,2020,3,"Google Play Services Warning, but no effect",X,X
SonicDash,November,2020,X,X,4,No reported issues
Sonos,September,2020,4,No reported issues,X,X
SoundCloud,September,2020,3,Cannot login with Google account,4,No reported issues
SoundCloud Pulse,September,2020,3,Cannot login with Google account,4,No reported issues
Spaceship Voyager,May,2020,4,No reported issues,4,No reported issues
Sparkasse (KontoApp),August,2020,3,Everything except Notifications (Its a webview with some weird extras nobody uses),X,X
Spectrum TV,November,2020,X,X,4,No reported issues
Spotify,September,2020,4,No reported issues,4,No reported issues
Squore ,June,2020,4,No reported issues,4,No reported issues
STACK,September,2020,4,No reported issues,X,X
StadtRAD Hamburg,December,2020,X,X,4,No reported issues
Starbucks,June,2020,3,"Google Play Services Warning, but no effect",X,X
Starling,August,2020,X,X,4,No reported issues
Steam,August,2020,3,No Notifications,4,No reported issues
Stetson Authentication,November,2020,X,X,1,QR code won't scan
Stetson University,November,2020,X,X,4,No reported issues
Stick War: Legacy,November,2020,X,X,4,No reported issues
Stride,June,2020,3,"Google Play Services Warning, but no effect",X,X
Subway Surfers,May,2020,1,Unusable,4,No reported issues
Success Wiz,October,2020,X,X,4,No reported issues
Super Hexagon,August,2020,4,No reported issues,X,X
Super Mario Run,November,2020,X,X,4,No reported issues
Surfshark,September,2020,X,X,4,No reported issues
Sygic GPS Navigation & Offline Maps,November,2020,4,No reported issues,X,X
Synology Drive,June,2020,4,No reported issues,4,No reported issues
Synology Memories,June,2020,4,No reported issues,4,No reported issues
Tab Mobile,November,2020,X,X,4,No reported issues
tagesschau,December,2020,X,X,2,Some articles cannot be loaded
Tangerine Mobile Banking,September,2020,4,No reported issues,X,X
Taobao Lite,November,2020,4,No reported issues,X,X
Tapatalk,November,2020,4,No reported issues,X,X
Teams,November,2020,3,"Google Play Services warning, No notifications",3,No notifications
Telegram,December,2020,X,X,4,No reported issues
Telegram X,December,2020,X,X,4,No reported issues
Tello,June,2020,4,No reported issues,4,No reported issues
TempleRun,November,2020,1,"Random screens appearing, not playable at all",4,No reported issues
TempleRun2,November,2020,1,App stuck at first screen,4,No reported issues
Tesla,May ,2020,2,Maps do not show within the application. Maps/location-based features like Summon do not work,4,No reported issues
The Guardian,July,2020,4,No reported issues,4,No reported issues
Threema,October,2020,3,No push notifications & uses regular polling instead,4,No reported issues
TickTick,August,2020,3,Occasional missed notifications,X,X
Tile,September,2020,2,"Google Play Services Warning, also missing maps previews",2,Missing map previews
Tiles Hop,November,2020,X,X,4,No reported issues
Tinder,August,2020,1,"Doesn't keep state, unusable",4,No reported issues
Todoist,May ,2020,3,"Google Play Services Warning, but no effect",4,No reported issues
Tomorrow,August,2020,3,No notifications & IBAN-Scanner not working,3,IBAN-Scanner not working
TooGoodToGo,September,2020,1,"Unable to choose location, map not working",4,No reported issues
Total Launcher,August,2020,X,X,3,Cannot purchase extra features
Trainline,October,2020,X,X,4,No reported issues
Trello,May,2020,4,No reported issues,4,No reported issues
Tresorit,September,2020,4,No reported issues,4,No reported issues
Triangle Master,November,2020,X,X,4,No reported issues
TRIBe Mietroller,August,2020,4,No reported issues but never gave location access,X,X
Tricount,May,2020,3,"Google Play Services Warning, but no effect",X,X
Triodos Bank,September,2020,3,No notifications,4,No reported issues
TripAdvisor,November,2020,2,"Can't view categories, Google Play Services warning",X,X
TripIt,September,2020,X,X,1,Won't get past startup image
Truecaller,May,2020,4,No reported issues,4,No reported issues
TTS Util,June,2020,4,No reported issues,4,No reported issues
TuneIn Radio,November,2020,X,X,4,No reported issues
Tutanota,May,2020,4,No reported issues,4,No reported issues
Twitch,December,2020,3,No notifications,X,X
Twitter,November,2020,3,Notifications not working,3,No notifications
Ubank,November,2020,3,No notifications and no Tap & Pay (detects root),4,No reported issues
Uber,June,2020,1,Unusable,2,"Add Payment screen not working, map tiles not visible"
Uber Eats,September,2020,3,"Google Play Services Warning, but no effect",3,"Add Payment screen not working, map tiles not visible"
UPS,November,2020,X,X,4,No reported issues
Up Banking,November,2020,1,Cannot log in,4,No reported issues
v2rayNG,November,2020,4,No reported issues,X,X
Vanguard,November,2020,X,X,4,No reported issues
Venmo,September,2020,3,App freezes occasionally when scrolling through your payment feed. No Notifications,4,No reported issues
Vivaldi,September,2020,3,"Google Play Services Warning, but no effect",X,X
VLC,December,2020,4,No reported issues,4,No reported issues
VR-Banking,August,2020,X,X,4,No reported issues
Wahoo ELEMNT,November,2020,2,Gets to pairing screen-unable to test past this without device,2,Gets to pairing screen-unable to test past this without device
Waking Up,August,2020,X,X,4,No reported issues
Wall Street Journal,November,2020,X,X,4,No reported issues
Walmart,September,2020,X,X,4,No reported issues
Water Store Puzzle,November,2020,X,X,4,No reported issues
Waze,November,2020,1,"Unusable-maps don't load",1,"Unusable-maps don't load"
Wear OS by Google,November,2020,1,"Unusable without Google Play Services",X,X
WeChat,May,2020,4,No reported issues,X,X
Wells Fargo,November,2020,X,X,4,No reported issues
WhatsApp,December,2020,4,No reported issues,4,No reported issues
WhatsApp Stickers 10 Sticker Packs for WA,August,2020,X,X,4,No reported issues
Wifi Analyzer,August,2020,X,X,4,No reported issues
Windscribe,May,2020,4,No reported issues,4,No reported issues
Wire,November,2020,4,No reported issues,4,No reported issues
Wolt: Food delivery,November,2020,1,Can login and see orders history only,X,X
Workday,November,2020,X,X,4,No reported issues
Xodo Docs,May,2020,4,No reported issues,4,No reported issues
Yahoo Finance,December,2020,4,No reported issues,4,No reported issues
"Yes, that dress!",September,2020,1,Unusable,X,X
Yi Home,June,2020,4,No reported issues,4,No reported issues
YNAB,September,2020,4,No reported issues,X,X
YouTube,May,2020,1,Unusable,4,No reported issues
YouTube Kids,September,2020,1,Unusable,4,No reported issues
YouTube Music,December,2020,2,Device files only,4,No reported issues
Zepp,October,2020,4,No reported issues,X,X
Zip - zip.co,November,2020,X,X,4,No reported issues
Zoom,January,2020,4,No reported issues,4,No reported issues
Zulip,September,2020,3,Notifications not working,X,X
ČHMÚ,November,2020,3,Everything except for getting location,X,X
